,cover.,non-redun,semant.,gramm
reference,3.1481481481481484,4.592592592592593,3.925925925925926,4.185185185185185
C2T,2.9285714285714284,2.892857142857143,3.25,3.642857142857143
C2T_char,2.3214285714285716,3.857142857142857,2.8214285714285716,3.0
C2T+pg,2.269230769230769,4.5,4.0,4.3076923076923075
C2T+pg+cv,2.740740740740741,3.925925925925926,3.6296296296296298,4.185185185185185
T2T+pg,1.8214285714285714,3.2857142857142856,2.857142857142857,3.6785714285714284
T2T+pg+cv,2.2857142857142856,3.7857142857142856,2.357142857142857,3.5357142857142856

