,cover.,non-redun,semant.,gramm,BLEU,NIST,METEOR,ROUGE_L,CIDEr
C2T,2.5416666666666665,3.75,2.5833333333333335,3.2083333333333335,0.0608,1.9322,0.0906,0.2092,0.1872
C2T_char,3.0,2.8275862068965516,3.1379310344827585,3.4827586206896552,0.0750,1.0975,0.1159,0.2665,0.2731
C2T+pg,2.6153846153846154,4.1923076923076925,2.923076923076923,3.8461538461538463,0.0413,0.0893,0.1076,0.2668,0.2836
C2T+pg+cv,3.0,4.115384615384615,3.923076923076923,4.076923076923077,0.0490,0.2349,0.1045,0.2589,0.2734
T2T+pg,2.642857142857143,3.5357142857142856,2.6785714285714284,3.9642857142857144,0.0567,1.9690,0.1002,0.2212,0.1992
T2T+pg+cv,2.9310344827586206,4.103448275862069,2.8275862068965516,4.413793103448276,0.0558,2.1188,0.1024,0.2216,0.1974
