,cover.,non-redun,semant.,gramm,BLEU,NIST,METEOR,ROUGE_L,CIDEr
reference,3.1481481481481500,4.592592592592590,3.925925925925930,4.185185185185190,1.000,10.5919,1.0000,1.0000,10.0000
C2T,2.9285714285714300,2.892857142857140,3.25,3.642857142857140,0.0608,1.9322,0.0906,0.2092,0.1872
C2T_char,2.3214285714285700,3.857142857142860,2.8214285714285700,3.0,0.0750,1.0975,0.1159,0.2665,0.2731
C2T+pg,2.269230769230770,4.5,4.0,4.3076923076923100,0.0413,0.0893,0.1076,0.2668,0.2836
C2T+pg+cv,2.740740740740740,3.925925925925930,3.6296296296296300,4.185185185185190,0.0490,0.2349,0.1045,0.2589,0.2734
T2T+pg,1.8214285714285700,3.2857142857142900,2.857142857142860,3.6785714285714300,0.0567,1.9690,0.1002,0.2212,0.1992
T2T+pg+cv,2.2857142857142900,3.7857142857142900,2.357142857142860,3.5357142857142900,0.0558,2.1188,0.1024,0.2216,0.1974