,cover.,non-redun,semant.,gramm
reference,3.892857142857143,4.107142857142857,3.892857142857143,3.9642857142857144
C2T,2.5416666666666665,3.75,2.5833333333333335,3.2083333333333335
C2T_char,3.0,2.8275862068965516,3.1379310344827585,3.4827586206896552
C2T+pg,2.6153846153846154,4.1923076923076925,2.923076923076923,3.8461538461538463
C2T+pg+cv,3.0,4.115384615384615,3.923076923076923,4.076923076923077
T2T+pg,2.642857142857143,3.5357142857142856,2.6785714285714284,3.9642857142857144
T2T+pg+cv,2.9310344827586206,4.103448275862069,2.8275862068965516,4.413793103448276
